JournalName,ImpactFactor2020,Source,Type
Academic Pediatrics,2.007,ImpactFactorListJournals,OpenAccess
Acta Orthopaedica,3.217,ImpactFactorListJournals,OpenAccess
Advances in Medical Sciences,2.08,ImpactFactorListJournals,OpenAccess
Aesthetic Surgery Journal,3.48,ImpactFactorListJournals,OpenAccess
American Journal of Clinical Dermatology,3.84,ImpactFactorListJournals,OpenAccess
American Journal of Clinical Pathology,1.962,ImpactFactorListJournals,OpenAccess
American journal of nursing,1.234,ImpactFactorListJournals,OpenAccess
American Journal of Obstetrics and Gynecology,6.12,ImpactFactorListJournals,OpenAccess
American Journal of Ophthalmology,4.795,ImpactFactorListJournals,OpenAccess
American Journal of Pathology,3.762,ImpactFactorListJournals,OpenAccess
Analytical Cellular Pathology,1.788,ImpactFactorListJournals,OpenAccess
Anatolian Journal of Cardiology,1.112,ImpactFactorListJournals,OpenAccess
Annals of Anatomy,2.241,ImpactFactorListJournals,OpenAccess
Annals of microbiology,1.431,ImpactFactorListJournals,OpenAccess
Annals of Pediatric Cardiology,,ImpactFactorListJournals,OpenAccess
Annals of Saudi Medicine,0.808,ImpactFactorListJournals,OpenAccess
Annual Review of Microbiology,10.242,ImpactFactorListJournals,OpenAccess
Archives of Dermatological Research,2.309,ImpactFactorListJournals,OpenAccess
Asian Pacific Journal of Tropical Medicine,1.772,ImpactFactorListJournals,OpenAccess
BMC dermatology,0.603,ImpactFactorListJournals,OpenAccess
BMC public health,2.567,ImpactFactorListJournals,OpenAccess
Brain pathology,6.155,ImpactFactorListJournals,OpenAccess
British Journal of Anaesthesia,6.199,ImpactFactorListJournals,OpenAccess
British Journal of Dermatology,6.714,ImpactFactorListJournals,OpenAccess
British Journal of Ophthalmology,3.384,ImpactFactorListJournals,OpenAccess
Canadian Journal of Infectious Diseases and Medical Microbiology,1.4,ImpactFactorListJournals,OpenAccess
Cardiovascular Diabetology,5.948,ImpactFactorListJournals,OpenAccess
Clinical Cardiology,2.455,ImpactFactorListJournals,OpenAccess
Clinical Diabetes and Endocrinology,1.858,ImpactFactorListJournals,OpenAccess
Clinics in Dermatology,2.067,ImpactFactorListJournals,OpenAccess
Dermatologica Sinica,0.808,ImpactFactorListJournals,OpenAccess
Development and Psychopathology,3.593,ImpactFactorListJournals,OpenAccess
Emerging Infectious Diseases,7.15,ImpactFactorListJournals,OpenAccess
Emerging microbes and infections,6.212,ImpactFactorListJournals,OpenAccess
Emerging Microbes and Infections,6.212,ImpactFactorListJournals,OpenAccess
European Journal of Public Health,2.234,ImpactFactorListJournals,OpenAccess
Experimental Dermatology,2.868,ImpactFactorListJournals,OpenAccess
Frontiers in Cellular and Infection Microbiology,3.518,ImpactFactorListJournals,OpenAccess
Frontiers in microbiology,4.259,ImpactFactorListJournals,OpenAccess
Indian Journal of Medical Research,2.061,ImpactFactorListJournals,OpenAccess
Indian journal of microbiology,1.539,ImpactFactorListJournals,OpenAccess
Indian Journal of Ophthalmology,0.977,ImpactFactorListJournals,OpenAccess
Indian Journal of Orthopaedics,0.978,ImpactFactorListJournals,OpenAccess
Indian Journal of Pediatrics,1.136,ImpactFactorListJournals,OpenAccess
Indian Journal of Psychiatry,1.061,ImpactFactorListJournals,OpenAccess
Indian Pediatrics,1.163,ImpactFactorListJournals,OpenAccess
Infectious diseases of poverty,3.063,ImpactFactorListJournals,OpenAccess
International Journal of Nanomedicine,4.383,ImpactFactorListJournals,OpenAccess
International Journal of Surgery,3.158,ImpactFactorListJournals,OpenAccess
JAMA Ophthalmology,6.167,ImpactFactorListJournals,OpenAccess
Journal of advanced research,5.045,ImpactFactorListJournals,OpenAccess
Journal of Ayurveda and integrative medicine,0.816,ImpactFactorListJournals,OpenAccess
Journal of Clinical Anesthesia,3.542,ImpactFactorListJournals,OpenAccess
Journal of clinical pathology,2.346,ImpactFactorListJournals,OpenAccess
Journal of Dermatological Science,3.986,ImpactFactorListJournals,OpenAccess
Journal of diabetes investigation,3.902,ImpactFactorListJournals,OpenAccess
Journal of Diabetes Research,2.885,ImpactFactorListJournals,OpenAccess
Journal of Food Science,2.018,ImpactFactorListJournals,OpenAccess
Journal of Investigative Dermatology,6.29,ImpactFactorListJournals,OpenAccess
Journal of medical case reports,0.509,ImpactFactorListJournals,OpenAccess
Journal of neuroscience,6.074,ImpactFactorListJournals,OpenAccess
Journal of Ophthalmology,1.58,ImpactFactorListJournals,OpenAccess
Journal of Orthopaedics,0.649,ImpactFactorListJournals,OpenAccess
Journal of pathology Clinical research,3.489,ImpactFactorListJournals,OpenAccess
Journal of Public Health,2.246,ImpactFactorListJournals,OpenAccess
Journal of Pure and Applied Microbiology,0.157,ImpactFactorListJournals,OpenAccess
Journal of the American Academy of Dermatology,7.102,ImpactFactorListJournals,OpenAccess
Journal of the American College of Surgeons,4.45,ImpactFactorListJournals,OpenAccess
Medical Journal Armed Forces India,0.55,ImpactFactorListJournals,OpenAccess
Modern pathology,6.655,ImpactFactorListJournals,OpenAccess
Molecular Cancer,10.679,ImpactFactorListJournals,OpenAccess
Nutrition and Diabetes,3.528,ImpactFactorListJournals,OpenAccess
Public Health Reports,2.039,ImpactFactorListJournals,OpenAccess
Survey of Ophthalmology,3.959,ImpactFactorListJournals,OpenAccess
The American Journal of Psychiatry,13.655,ImpactFactorListJournals,OpenAccess
The American Journal of Surgery,2.201,ImpactFactorListJournals,OpenAccess
The american journal of surgical pathology,5.145,ImpactFactorListJournals,OpenAccess
The Journal of Bone and Joint Surgery,4.84,ImpactFactorListJournals,OpenAccess
British Dental Journal,1.438,ImpactFactorListJournals,OpenAccess
Clinical Oral Implants Research,3.825,ImpactFactorListJournals,OpenAccess
Japanese Dental Science Review,0.978,ImpactFactorListJournals,OpenAccess
Journal of Clinical Periodontology,4.046,ImpactFactorListJournals,OpenAccess
Journal of Dentistry,3.77,ImpactFactorListJournals,OpenAccess
Journal of Endodontics,2.833,ImpactFactorListJournals,OpenAccess
Journal of Esthetic and Restorative Dentistry,1.716,ImpactFactorListJournals,OpenAccess
Journal of oral biology and craniofacial research,1.011,ImpactFactorListJournals,OpenAccess
Journal of oral biosciences,0.254,ImpactFactorListJournals,OpenAccess
Journal of Oral Microbiology,4.444,ImpactFactorListJournals,OpenAccess
Journal of the american dental association,2.572,ImpactFactorListJournals,OpenAccess
American journal of forensic medicine and pathology,0.539,ImpactFactorListJournals,OpenAccess
Bangladesh Journal of Pharmacology,0.811,ImpactFactorListJournals,OpenAccess
Indian journal of pharmaceutical sciences,0.634,ImpactFactorListJournals,OpenAccess
Indian Journal of Pharmacology,1.04,ImpactFactorListJournals,OpenAccess
International journal of clinical pharmacy,1.692,ImpactFactorListJournals,OpenAccess
Journal of Forensic and Legal Medicine,1.339,ImpactFactorListJournals,OpenAccess
Journal of managed care and specialty pharmacy,3.02,ImpactFactorListJournals,OpenAccess
Journal of Oncology Practice,3.551,ImpactFactorListJournals,OpenAccess
Journal of pharmaceutical and biomedical analysis,2.983,ImpactFactorListJournals,OpenAccess
Pharmaceutical Chemistry Journal,0.51,ImpactFactorListJournals,OpenAccess
Pharmaceutical patent analyst,2.321,ImpactFactorListJournals,OpenAccess
Sustainable chemistry and pharmacy,2.404,ImpactFactorListJournals,OpenAccess
The american journal of medicine,4.76,ImpactFactorListJournals,OpenAccess
Computational and Structural Biotechnology Journal,4.72,ImpactFactorListJournals,OpenAccess
IEEE Communications Surveys and Tutorials,22.973,ImpactFactorListJournals,OpenAccess
IEEE Transactions on Computers,3.131,ImpactFactorListJournals,OpenAccess
IEEE Transactions on Pattern Analysis and Machine Intelligence,17.73,ImpactFactorListJournals,OpenAccess
Journal of Big Data,1.124,ImpactFactorListJournals,OpenAccess
Journal of the ACM,2.17,ImpactFactorListJournals,OpenAccess
NPJ Quantum Information,9.181,ImpactFactorListJournals,OpenAccess
Procedia computer science,0.883,ImpactFactorListJournals,OpenAccess
Australasian Journal of Educational Technology,1.171,ImpactFactorListJournals,OpenAccess
ACS Applied Materials and Interfaces,8.456,ImpactFactorListJournals,OpenAccess
Advanced Materials,25.809,ImpactFactorListJournals,OpenAccess
Advanced materials interfaces,4.713,ImpactFactorListJournals,OpenAccess
Annual Review of Materials Research,16.816,ImpactFactorListJournals,OpenAccess
Journal of Materials Science,2.993,ImpactFactorListJournals,OpenAccess
Materials Today,24.372,ImpactFactorListJournals,OpenAccess
Nature Materials,38.887,ImpactFactorListJournals,OpenAccess
Arabian journal for science and engineering,1.518,ImpactFactorListJournals,OpenAccess
IETE journal of research,0.829,ImpactFactorListJournals,OpenAccess
International Journal of Building Performance Simulation,3.458,ImpactFactorListJournals,OpenAccess
Journal of Environmental Chemical Engineering,1.198,ImpactFactorListJournals,OpenAccess
Polymer engineering and science,1.92,ImpactFactorListJournals,OpenAccess
Advances in Physics,30.917,ImpactFactorListJournals,OpenAccess
Phytomedicine International Journal of Phytotherapy and Phytopharmacology,3.61,ImpactFactorListJournals,OpenAccess
Antioxidants and Redox Signaling,6.53,ImpactFactorListJournals,OpenAccess
BMC chemistry,2.094,ImpactFactorListJournals,OpenAccess
Journal of Chemical Education,1.385,ImpactFactorListJournals,OpenAccess
Journal of Chemical Sciences,1.496,ImpactFactorListJournals,OpenAccess
Journal of Chemistry,1.727,ImpactFactorListJournals,OpenAccess
Journal of Organic Chemistry,4.335,ImpactFactorListJournals,OpenAccess
New journal of chemistry,3.069,ImpactFactorListJournals,OpenAccess
American Journal of Transplantation,6.493,ImpactFactorListJournals,OpenAccess
Indian journal of surgery,0.55,ImpactFactorListJournals,OpenAccess
JAMA Surgery,10.7,ImpactFactorListJournals,OpenAccess
Acta Agriculturae Scandinavica Section A Animal Science,0.42,ImpactFactorListJournals,OpenAccess
Agriculture and human values,3.128,ImpactFactorListJournals,OpenAccess
Indian Journal of Agricultural Biochemistry,0.125,ImpactFactorListJournals,OpenAccess
journal of agricultural economics,1.545,ImpactFactorListJournals,OpenAccess
Journal of integrative agriculture,1.337,ImpactFactorListJournals,OpenAccess
Academy of Management Journal,7.191,ImpactFactorListJournals,OpenAccess
Academy of Management Learning and Education,2.866,ImpactFactorListJournals,OpenAccess
Academy of Management Review,10.632,ImpactFactorListJournals,OpenAccess
Accounting Organizations and Society,3.147,ImpactFactorListJournals,OpenAccess
European Management Journal,2.985,ImpactFactorListJournals,OpenAccess
Journal of Business Research,4.747,ImpactFactorListJournals,OpenAccess
Journal of International Business Studies,7.724,ImpactFactorListJournals,OpenAccess
Journal of International Economics,2.216,ImpactFactorListJournals,OpenAccess
Journal of management,9.056,ImpactFactorListJournals,OpenAccess
Animal Nutrition and Feed Technology,0.291,ImpactFactorListJournals,OpenAccess
Animal Production Science,1.275,ImpactFactorListJournals,OpenAccess
Journal of Animal Science,1.697,ImpactFactorListJournals,OpenAccess
Annual review of statistics and its application,3.857,ImpactFactorListJournals,OpenAccess
Australian and New Zealand journal of statistics,0.642,ImpactFactorListJournals,OpenAccess
Journal of statistical software,3.801,ImpactFactorListJournals,OpenAccess
The American Statistician,5.381,ImpactFactorListJournals,OpenAccess
Journal of Marine Science and Technology,1.845,ImpactFactorListJournals,OpenAccess
Science and technology of advanced materials,3.585,ImpactFactorListJournals,OpenAccess
American Journal of Sociology,3.764,ImpactFactorListJournals,OpenAccess
European journal of research methods for the behavioral and social sciences,0.9,ImpactFactorListJournals,OpenAccess
The Social Science Journal,1.071,ImpactFactorListJournals,OpenAccess
Biotechnology Advances,12.831,ImpactFactorListJournals,OpenAccess
Nature Biotechnology,31.864,ImpactFactorListJournals,OpenAccess
Annals of Botany,3.454,ImpactFactorListJournals,OpenAccess
Aquatic Botany,2.143,ImpactFactorListJournals,OpenAccess
Australian Journal of Botany,1.586,ImpactFactorListJournals,OpenAccess
Australian Systematic Botany,1.039,ImpactFactorListJournals,OpenAccess
Botany letters,0.883,ImpactFactorListJournals,OpenAccess
Pakistan Journal of Botany,0.75,ImpactFactorListJournals,OpenAccess
Plant Biotechnology Journal,6.84,ImpactFactorListJournals,OpenAccess
Journal of cleaner production,6.395,ImpactFactorListJournals,OpenAccess
Journal of Environmental Sciences,3.556,ImpactFactorListJournals,OpenAccess
Nature Communications,11.878,ImpactFactorListJournals,OpenAccess
Scientific Reports,4.011,ImpactFactorListJournals,OpenAccess
Life Sciences Society and Policy,1.222,ImpactFactorListJournals,OpenAccess
Biochemistry,2.952,ImpactFactorListJournals,OpenAccess
Contemporary accounting research,2.261,ImpactFactorListJournals,OpenAccess
Cell and Tissue Banking,1.939,ImpactFactorListJournals,OpenAccess
Journal of Banking and Finance,2.205,ImpactFactorListJournals,OpenAccess
Journal of Finance,6.201,ImpactFactorListJournals,OpenAccess
Food and Energy Security,4.781,ImpactFactorListJournals,OpenAccess
Journal of food and drug analysis,4.176,ImpactFactorListJournals,OpenAccess
Journal of Wildlife Management,1.881,ImpactFactorListJournals,OpenAccess
Journal of Business Ethics,3.796,ImpactFactorListJournals,OpenAccess
Advances in Nursing Science,1.311,ImpactFactorListJournals,OpenAccess
International journal of nursing studies,3.57,ImpactFactorListJournals,OpenAccess
Journal of Diabetes Research,,IndexedJournalsList,OpenAccess
Journal of Materials Science,,IndexedJournalsList,OpenAccess
The Lancet,,IndexedJournalsList,OpenAccess
Indian Journal of Medical Research,,IndexedJournalsList,OpenAccess
Australasian Journal of Educational Technology,,IndexedJournalsList,OpenAccess
Phytomedicine International Journal of Phytotherapy and Phytopharmacology,,IndexedJournalsList,OpenAccess
Antioxidants and Redox Signaling,,IndexedJournalsList,OpenAccess
Journal of Food Science,,IndexedJournalsList,OpenAccess
American Journal of Transplantation,,IndexedJournalsList,OpenAccess
Journal of Dentistry,,IndexedJournalsList,OpenAccess
Journal of Public Health,,IndexedJournalsList,OpenAccess
International Journal of Nanomedicine,,IndexedJournalsList,OpenAccess
Acta Agriculturae Scandinavica Section A Animal Science,,IndexedJournalsList,OpenAccess
Indian Journal of Psychiatry,,IndexedJournalsList,OpenAccess
Annals of Pediatric Cardiology,,IndexedJournalsList,OpenAccess
Dermatologica Sinica,,IndexedJournalsList,OpenAccess
Indian Journal of Ophthalmology,,IndexedJournalsList,OpenAccess
Indian Journal of Orthopaedics,,IndexedJournalsList,OpenAccess
Indian Journal of Pharmacology,,IndexedJournalsList,OpenAccess
Canadian Journal of Infectious Diseases and Medical Microbiology,,IndexedJournalsList,OpenAccess
Indian Journal of Pediatrics,,IndexedJournalsList,OpenAccess
Journal of Endodontics,,IndexedJournalsList,OpenAccess
Animal Nutrition and Feed Technology,,IndexedJournalsList,OpenAccess
Indian Journal of Agricultural Biochemistry,,IndexedJournalsList,OpenAccess
Academic Pediatrics,,IndexedJournalsList,OpenAccess
Academy of Management Learning and Education,,IndexedJournalsList,OpenAccess
Indian Pediatrics,,IndexedJournalsList,OpenAccess
Journal of Pure and Applied Microbiology,,IndexedJournalsList,OpenAccess
Journal of Clinical Periodontology,,IndexedJournalsList,OpenAccess
The Journal of Pediatrics,,IndexedJournalsList,OpenAccess
Aesthetic Surgery Journal,,IndexedJournalsList,OpenAccess
Journal of Ophthalmology,,IndexedJournalsList,OpenAccess
journal of agricultural economics,,IndexedJournalsList,OpenAccess
Annals of Saudi Medicine,,IndexedJournalsList,OpenAccess
Bangladesh Journal of Pharmacology,,IndexedJournalsList,OpenAccess
Journal of Oral Microbiology,,IndexedJournalsList,OpenAccess
The Journal of Bone and Joint Surgery,,IndexedJournalsList,OpenAccess
Annals of Anatomy,,IndexedJournalsList,OpenAccess
Clinical Oral Implants Research,,IndexedJournalsList,OpenAccess
Journal of Ayurveda and integrative medicine,,IndexedJournalsList,OpenAccess
American Journal of Pathology,,IndexedJournalsList,OpenAccess
Analytical Cellular Pathology,,IndexedJournalsList,OpenAccess
American Journal of Obstetrics and Gynecology,,IndexedJournalsList,OpenAccess
Acta Orthopaedica,,IndexedJournalsList,OpenAccess
Anatolian Journal of Cardiology,,IndexedJournalsList,OpenAccess
The american journal of surgical pathology,,IndexedJournalsList,OpenAccess
The Journal of pathology,,IndexedJournalsList,OpenAccess
Development and Psychopathology,,IndexedJournalsList,OpenAccess
Modern pathology,,IndexedJournalsList,OpenAccess
Brain pathology,,IndexedJournalsList,OpenAccess
American Journal of Clinical Pathology,,IndexedJournalsList,OpenAccess
Journal of clinical pathology,,IndexedJournalsList,OpenAccess
BMC public health,,IndexedJournalsList,OpenAccess
Public Health Reports,,IndexedJournalsList,OpenAccess
European Journal of Public Health,,IndexedJournalsList,OpenAccess
Pharmaceutical Chemistry Journal,,IndexedJournalsList,OpenAccess
Journal of Esthetic and Restorative Dentistry,,IndexedJournalsList,OpenAccess
JAMA Ophthalmology,,IndexedJournalsList,OpenAccess
American Journal of Ophthalmology,,IndexedJournalsList,OpenAccess
British Journal of Ophthalmology,,IndexedJournalsList,OpenAccess
Survey of Ophthalmology,,IndexedJournalsList,OpenAccess
The American Journal of Psychiatry,,IndexedJournalsList,OpenAccess
World Journal of Surgery,,IndexedJournalsList,OpenAccess
Nature Biotechnology,,IndexedJournalsList,OpenAccess
Biotechnology Advances,,IndexedJournalsList,OpenAccess
Plant Biotechnology Journal,,IndexedJournalsList,OpenAccess
The Social Science Journal,,IndexedJournalsList,OpenAccess
American Journal of Sociology,,IndexedJournalsList,OpenAccess
Journal of management,,IndexedJournalsList,OpenAccess
European Management Journal,,IndexedJournalsList,OpenAccess
The american journal of medicine,,IndexedJournalsList,OpenAccess
The American Statistician,,IndexedJournalsList,OpenAccess
Australian and New Zealand journal of statistics,,IndexedJournalsList,OpenAccess
Journal of statistical software,,IndexedJournalsList,OpenAccess
Sustainable chemistry and pharmacy,,IndexedJournalsList,OpenAccess
Journal of managed care and specialty pharmacy,,IndexedJournalsList,OpenAccess
Pharmaceutical patent analyst,,IndexedJournalsList,OpenAccess
International journal of clinical pharmacy,,IndexedJournalsList,OpenAccess
Journal of integrative agriculture,,IndexedJournalsList,OpenAccess
Animal Production Science,,IndexedJournalsList,OpenAccess
Science and technology of advanced materials,,IndexedJournalsList,OpenAccess
Emerging Infectious Diseases,,IndexedJournalsList,OpenAccess
Infectious diseases of poverty,,IndexedJournalsList,OpenAccess
Emerging microbes and infections,,IndexedJournalsList,OpenAccess
Frontiers in microbiology,,IndexedJournalsList,OpenAccess
Frontiers in Cellular and Infection Microbiology,,IndexedJournalsList,OpenAccess
BMC dermatology,,IndexedJournalsList,OpenAccess
Journal of Investigative Dermatology,,IndexedJournalsList,OpenAccess
Experimental Dermatology,,IndexedJournalsList,OpenAccess
British Journal of Dermatology,,IndexedJournalsList,OpenAccess
Archives of Dermatological Research,,IndexedJournalsList,OpenAccess
Journal of the American Academy of Dermatology,,IndexedJournalsList,OpenAccess
Clinics in Dermatology,,IndexedJournalsList,OpenAccess
American Journal of Clinical Dermatology,,IndexedJournalsList,OpenAccess
Journal of Dermatological Science,,IndexedJournalsList,OpenAccess
Cardiovascular Diabetology,,IndexedJournalsList,OpenAccess
Clinical Diabetes and Endocrinology,,IndexedJournalsList,OpenAccess
Journal of diabetes investigation,,IndexedJournalsList,OpenAccess
Japanese Dental Science Review,,IndexedJournalsList,OpenAccess
Nutrition and Diabetes,,IndexedJournalsList,OpenAccess
Molecular Cancer,,IndexedJournalsList,OpenAccess
British Dental Journal,,IndexedJournalsList,OpenAccess
Journal of the american dental association,,IndexedJournalsList,OpenAccess
Journal of Big Data,,IndexedJournalsList,OpenAccess
Computational and Structural Biotechnology Journal,,IndexedJournalsList,OpenAccess
The American Journal of Surgery,,IndexedJournalsList,OpenAccess
Journal of the American College of Surgeons,,IndexedJournalsList,OpenAccess
International Journal of Surgery,,IndexedJournalsList,OpenAccess
Journal of pharmaceutical and biomedical analysis,,IndexedJournalsList,OpenAccess
Journal of Forensic and Legal Medicine,,IndexedJournalsList,OpenAccess
American journal of forensic medicine and pathology,,IndexedJournalsList,OpenAccess
Nature Materials,,IndexedJournalsList,OpenAccess
Advanced Materials,,IndexedJournalsList,OpenAccess
Materials Today,,IndexedJournalsList,OpenAccess
Annals of Botany,,IndexedJournalsList,OpenAccess
Aquatic Botany,,IndexedJournalsList,OpenAccess
Australian Journal of Botany,,IndexedJournalsList,OpenAccess
Australian Systematic Botany,,IndexedJournalsList,OpenAccess
BMC chemistry,,IndexedJournalsList,OpenAccess
Journal of Environmental Sciences,,IndexedJournalsList,OpenAccess
Journal of Chemical Sciences,,IndexedJournalsList,OpenAccess
Journal of Chemistry,,IndexedJournalsList,OpenAccess
Journal of Clinical Anesthesia,,IndexedJournalsList,OpenAccess
New journal of chemistry,,IndexedJournalsList,OpenAccess
British Journal of Anaesthesia,,IndexedJournalsList,OpenAccess
Procedia computer science,,IndexedJournalsList,OpenAccess
NPJ Quantum Information,,IndexedJournalsList,OpenAccess
Journal of oral biosciences,,IndexedJournalsList,OpenAccess
IEEE Transactions on Pattern Analysis and Machine Intelligence,,IndexedJournalsList,OpenAccess
IEEE Transactions on Computers,,IndexedJournalsList,OpenAccess
Journal of the ACM,,IndexedJournalsList,OpenAccess
ACS Applied Materials and Interfaces,,IndexedJournalsList,OpenAccess
Botany letters,,IndexedJournalsList,OpenAccess
European journal of research methods for the behavioral and social sciences,,IndexedJournalsList,OpenAccess
Annual review of statistics and its application,,IndexedJournalsList,OpenAccess
The New England Journal of Medicine,,IndexedJournalsList,OpenAccess
Advances in Physics,,IndexedJournalsList,OpenAccess
Academy of Management Journal,,IndexedJournalsList,OpenAccess
Academy of Management Review,,IndexedJournalsList,OpenAccess
Journal of International Business Studies,,IndexedJournalsList,OpenAccess
Journal of International Economics,,IndexedJournalsList,OpenAccess
Journal of Orthopaedics,,IndexedJournalsList,OpenAccess
Advanced materials interfaces,,IndexedJournalsList,OpenAccess
Annals of microbiology,,IndexedJournalsList,OpenAccess
Annual Review of Microbiology,,IndexedJournalsList,OpenAccess
Life Sciences Society and Policy,,IndexedJournalsList,OpenAccess
Emerging Microbes and Infections,,IndexedJournalsList,OpenAccess
Advances in Medical Sciences,,IndexedJournalsList,OpenAccess
Asian Pacific Journal of Tropical Medicine,,IndexedJournalsList,OpenAccess
Medical Journal Armed Forces India,,IndexedJournalsList,OpenAccess
Agriculture and human values,,IndexedJournalsList,OpenAccess
Scientific Reports,,IndexedJournalsList,OpenAccess
JAMA Surgery,,IndexedJournalsList,OpenAccess
Clinical Cardiology,,IndexedJournalsList,OpenAccess
Biochemistry,,IndexedJournalsList,OpenAccess
Contemporary accounting research,,IndexedJournalsList,OpenAccess
Journal of Banking and Finance,,IndexedJournalsList,OpenAccess
American journal of nursing,,IndexedJournalsList,OpenAccess
Journal of neuroscience,,IndexedJournalsList,OpenAccess
Journal of medical case reports,,IndexedJournalsList,OpenAccess
Cell and Tissue Banking,,IndexedJournalsList,OpenAccess
Food and Energy Security,,IndexedJournalsList,OpenAccess
Journal of food and drug analysis,,IndexedJournalsList,OpenAccess
Journal of cleaner production,,IndexedJournalsList,OpenAccess
IETE journal of research,,IndexedJournalsList,OpenAccess
Indian journal of pharmaceutical sciences,,IndexedJournalsList,OpenAccess
Journal of Animal Science,,IndexedJournalsList,OpenAccess
Indian journal of microbiology,,IndexedJournalsList,OpenAccess
Journal of Business Ethics,,IndexedJournalsList,OpenAccess
Pakistan Journal of Botany,,IndexedJournalsList,OpenAccess
Journal of Environmental Chemical Engineering,,IndexedJournalsList,OpenAccess
Nature Communications,,IndexedJournalsList,OpenAccess
Indian journal of surgery,,IndexedJournalsList,OpenAccess
Arabian journal for science and engineering,,IndexedJournalsList,OpenAccess
International journal of nursing studies,,IndexedJournalsList,OpenAccess
Advances in Nursing Science,,IndexedJournalsList,OpenAccess
International Journal of Building Performance Simulation,,IndexedJournalsList,OpenAccess
Journal of Chemical Education,,IndexedJournalsList,OpenAccess
Journal of Organic Chemistry,,IndexedJournalsList,OpenAccess
Journal of Oncology Practice,,IndexedJournalsList,OpenAccess
Journal of pathology Clinical research,,IndexedJournalsList,OpenAccess
The Journal of Emergency Medicine,,IndexedJournalsList,OpenAccess
3 Biotech,,SCI_Journals_2020,SCI
"3L: Language, Linguistics, Literature",,SCI_Journals_2020,SCI
AACL Bioflux,,SCI_Journals_2020,SCI
"AAPP Atti della Accademia Peloritana dei Pericolanti, Classe di Scienze Fisiche, Matematiche e Naturali",,SCI_Journals_2020,SCI
AAPS PharmSciTech,,SCI_Journals_2020,SCI
Abstract and Applied Analysis,,SCI_Journals_2020,SCI
Academia (Greece),,SCI_Journals_2020,SCI
Academic Pathology,,SCI_Journals_2020,SCI
"Accounting, Economics and Law: A Convivium",,SCI_Journals_2020,SCI
ACDI Anuario Colombiano de Derecho Internacional,,SCI_Journals_2020,SCI
ACG Case Reports Journal,,SCI_Journals_2020,SCI
ACME,,SCI_Journals_2020,SCI
Acoustical Science and Technology,,SCI_Journals_2020,SCI
ACRN Journal of Finance and Risk Perspectives,,SCI_Journals_2020,SCI
Acrocephalus,,SCI_Journals_2020,SCI
ACS Central Science,,SCI_Journals_2020,SCI
ACS Omega,,SCI_Journals_2020,SCI
Acta Agriculturae Slovenica,,SCI_Journals_2020,SCI
Acta OrthopaedicaAgrobotanica,,SCI_Journals_2020,SCI
Acta Agronomica,,SCI_Journals_2020,SCI
Acta Amazonica,,SCI_Journals_2020,SCI
Acta AngiologicaOpen Access,,SCI_Journals_2020,SCI
Acta Baltica Historiae et Philosophiae Scientiarum,,SCI_Journals_2020,SCI
Acta Baltico-Slavica,,SCI_Journals_2020,SCI
Acta Biochimica Polonica,,SCI_Journals_2020,SCI
Acta Bioethica,,SCI_Journals_2020,SCI
Acta Biologica Colombiana,,SCI_Journals_2020,SCI
Acta Biologica Cracoviensia Series Botanica,,SCI_Journals_2020,SCI
Acta Botanica Brasilica,,SCI_Journals_2020,SCI
Acta Botanica Croatica,,SCI_Journals_2020,SCI
Acta Chimica Slovenica,,SCI_Journals_2020,SCI
Acta Cirurgica Brasileira,,SCI_Journals_2020,SCI
Acta Clinica Croatica,,SCI_Journals_2020,SCI
Acta Colombiana de Psicologia,,SCI_Journals_2020,SCI
Acta Crystallographica Section E: Crystallographic Communications,,SCI_Journals_2020,SCI
Acta Cybernetica,,SCI_Journals_2020,SCI
Acta Dermato-Venereologica,,SCI_Journals_2020,SCI
Acta Endocrinologica,,SCI_Journals_2020,SCI
Acta Entomologica Musei Nationalis Pragae,,SCI_Journals_2020,SCI
Acta et Commentationes Universitatis Tartuensis de Mathematica,,SCI_Journals_2020,SCI
Acta Facultatis Medicae Naissensis,,SCI_Journals_2020,SCI
Acta Fytotechnica et Zootechnica,,SCI_Journals_2020,SCI
Acta Geodaetica et Cartographica Sinica,,SCI_Journals_2020,SCI
Acta Geodynamica et Geomaterialia,,SCI_Journals_2020,SCI
Acta Geologica Polonica,,SCI_Journals_2020,SCI
Acta Geologica Slovaca,,SCI_Journals_2020,SCI
Acta Gymnica,,SCI_Journals_2020,SCI
Acta Herpetologica,,SCI_Journals_2020,SCI
Acta Histochemica et Cytochemica,,SCI_Journals_2020,SCI
Acta Historica Tallinnensia,,SCI_Journals_2020,SCI
Acta Ichthyologica et Piscatoria,,SCI_Journals_2020,SCI
Acta Informatica Medica,,SCI_Journals_2020,SCI
Acta Limnologica Brasiliensia,,SCI_Journals_2020,SCI
Acta Linguistica Asiatica,,SCI_Journals_2020,SCI
Acta Literaria,,SCI_Journals_2020,SCI
Acta Logistica,,SCI_Journals_2020,SCI
Acta Mathematica Universitatis Comenianae,,SCI_Journals_2020,SCI
Acta Mechanica et Automatica,,SCI_Journals_2020,SCI
Acta medica academica,,SCI_Journals_2020,SCI
Acta Medica Bulgarica,,SCI_Journals_2020,SCI
Acta medica (Hradec Kralove),,SCI_Journals_2020,SCI
Acta medica Indonesiana,,SCI_Journals_2020,SCI
Acta Medica Iranica,,SCI_Journals_2020,SCI
Acta Medica Mediterranea,,SCI_Journals_2020,SCI
Acta Medica Portuguesa,,SCI_Journals_2020,SCI
Acta Medica Saliniana,,SCI_Journals_2020,SCI
Acta Metallurgica Slovaca,,SCI_Journals_2020,SCI
Acta Mycologica,,SCI_Journals_2020,SCI
Acta Neophilologica,,SCI_Journals_2020,SCI
Acta Neurobiologiae Experimentalis,,SCI_Journals_2020,SCI
Acta neuropathologica communications,,SCI_Journals_2020,SCI
Acta of Bioengineering and Biomechanics,,SCI_Journals_2020,SCI
Acta Orthopaedica,,SCI_Journals_2020,SCI
Acta Orthopaedica et Traumatologica Turcica,,SCI_Journals_2020,SCI
Acta Ortopedica Brasileira,,SCI_Journals_2020,SCI
Acta Otorhinolaryngologica Italica,,SCI_Journals_2020,SCI
Acta Palaeobotanica,,SCI_Journals_2020,SCI
Acta Palaeontologica Polonica,,SCI_Journals_2020,SCI
ACTA Paulista de Enfermagem,,SCI_Journals_2020,SCI
Acta Pediatrica de Mexico,,SCI_Journals_2020,SCI
Acta Periodica Technologica,,SCI_Journals_2020,SCI
Acta Pharmaceutica,,SCI_Journals_2020,SCI
Acta Pharmaceutica Sinica B,,SCI_Journals_2020,SCI
Acta Physica Polonica B,,SCI_Journals_2020,SCI
Acta Phytotaxonomica et Geobotanica,,SCI_Journals_2020,SCI
Acta Poetica,,SCI_Journals_2020,SCI
Acta Politologica,,SCI_Journals_2020,SCI
Acta Poloniae Pharmaceutica,,SCI_Journals_2020,SCI
Acta Polytechnica,,SCI_Journals_2020,SCI
Acta Polytechnica Hungarica,,SCI_Journals_2020,SCI
Acta Protozoologica,,SCI_Journals_2020,SCI
Acta Reumatologica Portuguesa,,SCI_Journals_2020,SCI
Acta Scientiarum – Agronomy,,SCI_Journals_2020,SCI
Acta Scientiarum – Animal Sciences,,SCI_Journals_2020,SCI
Acta Scientiarum – Biological Sciences,,SCI_Journals_2020,SCI
Acta Scientiarum – Health Sciences,,SCI_Journals_2020,SCI
Acta Scientiarum Language and Culture,,SCI_Journals_2020,SCI
"Acta Scientiarum Polonorum, Administratio Locorum",,SCI_Journals_2020,SCI
"Acta Scientiarum Polonorum, Hortorum Cultus",,SCI_Journals_2020,SCI
Acta Scientiarum – Technology,,SCI_Journals_2020,SCI
Acta Silvatica et Lignaria Hungarica,,SCI_Journals_2020,SCI
Acta Societatis Botanicorum Poloniae,,SCI_Journals_2020,SCI
Acta Stomatologica Croatica,,SCI_Journals_2020,SCI
Acta Stomatologica Naissi,,SCI_Journals_2020,SCI
Acta Tabacaria Sinica,,SCI_Journals_2020,SCI
Acta Technologica Agriculturae,,SCI_Journals_2020,SCI
Acta Theologica,,SCI_Journals_2020,SCI
Acta Universitatis Agriculturae et Silviculturae Mendelianae Brunensis,,SCI_Journals_2020,SCI
"Acta Universitatis Carolinae, Geographica",,SCI_Journals_2020,SCI
"Acta Universitatis Sapientiae, Mathematica",,SCI_Journals_2020,SCI
"Acta Universitatis Sapientiae, Philologica",,SCI_Journals_2020,SCI
Acta Veterinaria,,SCI_Journals_2020,SCI
Acta Veterinaria Brasilica,,SCI_Journals_2020,SCI
Acta Veterinaria Brno,,SCI_Journals_2020,SCI
Acta Veterinaria Scandinavica,,SCI_Journals_2020,SCI
Acta Zoologica Academiae Scientiarum Hungaricae,,SCI_Journals_2020,SCI
Acta Zoologica Bulgarica,,SCI_Journals_2020,SCI
Active and Passive Electronic Components,,SCI_Journals_2020,SCI
Actuators,,SCI_Journals_2020,SCI
Adansonia,,SCI_Journals_2020,SCI
Addiction science & clinical practice,,SCI_Journals_2020,SCI
Addictive Behaviors Reports,,SCI_Journals_2020,SCI
Adipocyte,,SCI_Journals_2020,SCI
ADMET and DMPK,,SCI_Journals_2020,SCI
Administratie si Management Public,,SCI_Journals_2020,SCI
Administration,,SCI_Journals_2020,SCI
Adsorption Science and Technology,,SCI_Journals_2020,SCI
Advanced Electromagnetics,,SCI_Journals_2020,SCI
Advanced Manufacturing: Polymer and Composites Science,,SCI_Journals_2020,SCI
Advanced Modeling and Simulation in Engineering Sciences,,SCI_Journals_2020,SCI
Advanced Pharmaceutical Bulletin,,SCI_Journals_2020,SCI
Advanced Science,,SCI_Journals_2020,SCI
Advanced Structural and Chemical Imaging,,SCI_Journals_2020,SCI
Advances and Applications in Bioinformatics and Chemistry,,SCI_Journals_2020,SCI
Advances in Acoustics and Vibration,,SCI_Journals_2020,SCI
Advances in Animal and Veterinary Sciences,,SCI_Journals_2020,SCI
Advances in Astronomy,,SCI_Journals_2020,SCI
Advances in Bioinformatics,,SCI_Journals_2020,SCI
Advances in Business Related Scientific Research Journal,,SCI_Journals_2020,SCI
Advances in Cell Biology,,SCI_Journals_2020,SCI
Advances in Civil Engineering,,SCI_Journals_2020,SCI
Advances in Climate Change Research,,SCI_Journals_2020,SCI
Advances in Clinical and Experimental Medicine,,SCI_Journals_2020,SCI
Advances in Cognitive Psychology,,SCI_Journals_2020,SCI
Advances in Computational Design,,SCI_Journals_2020,SCI
Advances in Condensed Matter Physics,,SCI_Journals_2020,SCI
Advances in Decision Sciences,,SCI_Journals_2020,SCI
Advances in Difference Equations,,SCI_Journals_2020,SCI
Advances in Electrical and Computer Engineering,,SCI_Journals_2020,SCI
Advances in Electrical and Electronic Engineering,,SCI_Journals_2020,SCI
Advances in Fuzzy Systems,,SCI_Journals_2020,SCI
Advances in Geosciences,,SCI_Journals_2020,SCI
Advances in Group Theory and Applications,,SCI_Journals_2020,SCI
Advances in Hematology,,SCI_Journals_2020,SCI
Advances in High Energy Physics,,SCI_Journals_2020,SCI
Advances in Horticultural Science,,SCI_Journals_2020,SCI
Advances in Hospitality and Tourism Research,,SCI_Journals_2020,SCI
Advances in Human-Computer Interaction,,SCI_Journals_2020,SCI
Advances in Materials Science and Engineering,,SCI_Journals_2020,SCI
Advances in Mathematical Physics,,SCI_Journals_2020,SCI
Advances in Mechanical Engineering,,SCI_Journals_2020,SCI
Advances in Meteorology,,SCI_Journals_2020,SCI
Advances in Military Technology,,SCI_Journals_2020,SCI
Advances in Multimedia,,SCI_Journals_2020,SCI
Advances in Nonlinear Analysis,,SCI_Journals_2020,SCI
Advances in Oceanography and Limnology,,SCI_Journals_2020,SCI
Advances in Operations Research,,SCI_Journals_2020,SCI
Advances in Operator Theory,,SCI_Journals_2020,SCI
Advances in Optical Technologies,,SCI_Journals_2020,SCI
Advances in OptoElectronics,,SCI_Journals_2020,SCI
Advances in Orthopedics,,SCI_Journals_2020,SCI
Advances in Pharmacological Sciences,,SCI_Journals_2020,SCI
Advances in Physical Chemistry,,SCI_Journals_2020,SCI
Advances in Physics: X,,SCI_Journals_2020,SCI
Advances in Polymer Technology,,SCI_Journals_2020,SCI
Advances in Power Electronics,,SCI_Journals_2020,SCI
Advances in Radiation Oncology,,SCI_Journals_2020,SCI
Advances in Radio Science,,SCI_Journals_2020,SCI
Advances in Respiratory Medicine,,SCI_Journals_2020,SCI
Advances in Rheumatology,,SCI_Journals_2020,SCI
Advances in Tribology,,SCI_Journals_2020,SCI
Advances in Urology,,SCI_Journals_2020,SCI
Advances in Virology,,SCI_Journals_2020,SCI
AEJ – Alexandria Engineering Journal,,SCI_Journals_2020,SCI
Aerospace,,SCI_Journals_2020,SCI
Aestimum,,SCI_Journals_2020,SCI
Africa Development/Afrique et Developpement,,SCI_Journals_2020,SCI
Africa Spectrum,,SCI_Journals_2020,SCI
African Evaluation Journal,,SCI_Journals_2020,SCI
African Health Sciences,,SCI_Journals_2020,SCI
African Invertebrates,,SCI_Journals_2020,SCI
African Journal of Agricultural and Resource Economics,,SCI_Journals_2020,SCI
African Journal of Disability,,SCI_Journals_2020,SCI
African Journal of Emergency Medicine,,SCI_Journals_2020,SCI
"African Journal of Food, Agriculture, Nutrition and Development",,SCI_Journals_2020,SCI
"African Journal of Hospitality, Tourism and Leisure",,SCI_Journals_2020,SCI
African Journal of Infectious Diseases,,SCI_Journals_2020,SCI
African Journal of Laboratory Medicine,,SCI_Journals_2020,SCI
African Journal of Paediatric Surgery,,SCI_Journals_2020,SCI
African Journal of Primary Health Care and Family Medicine,,SCI_Journals_2020,SCI
African Journal of Social Work,,SCI_Journals_2020,SCI
African Journal of Urology,,SCI_Journals_2020,SCI
African Review of Physics,,SCI_Journals_2020,SCI
African Vision and Eye Health,,SCI_Journals_2020,SCI
Aging and Disease,,SCI_Journals_2020,SCI
Aging Cell,,SCI_Journals_2020,SCI
Agora,,SCI_Journals_2020,SCI
Agora – Estudos Classicos em Debate,,SCI_Journals_2020,SCI
Agraarteadus,,SCI_Journals_2020,SCI
Agri Dergisi,,SCI_Journals_2020,SCI
Agricultural and Food Economics,,SCI_Journals_2020,SCI
Agricultural and Food Science,,SCI_Journals_2020,SCI
Agricultural and Resource Economics Review,,SCI_Journals_2020,SCI
Agricultural Economics (Czech Republic),,SCI_Journals_2020,SCI
Agricultural Engineering International: CIGR Journal,,SCI_Journals_2020,SCI
Agriculture,,SCI_Journals_2020,SCI
Agriculture and Food Security,,SCI_Journals_2020,SCI
Agriculture and Natural Resources,,SCI_Journals_2020,SCI
Agriculture (Switzerland),,SCI_Journals_2020,SCI
Agris On-line Papers in Economics and Informatics,,SCI_Journals_2020,SCI
AgriScientia,,SCI_Journals_2020,SCI
Agrivita,,SCI_Journals_2020,SCI
Agrociencia,,SCI_Journals_2020,SCI
Agronomia Colombiana,,SCI_Journals_2020,SCI
Agronomy,,SCI_Journals_2020,SCI
Agronomy Research,,SCI_Journals_2020,SCI
AIB Studi,,SCI_Journals_2020,SCI
AIBR Revista de Antropologia Iberoamericana,,SCI_Journals_2020,SCI
AIDS Research and Therapy,,SCI_Journals_2020,SCI
AIDS Research and TreatmentAIMS Agriculture and Food,,SCI_Journals_2020,SCI
AIMS Biophysics,,SCI_Journals_2020,SCI
AIMS Energy,,SCI_Journals_2020,SCI
AIMS Materials Science,,SCI_Journals_2020,SCI
AIMS Microbiology,,SCI_Journals_2020,SCI
AIMS Neuroscience,,SCI_Journals_2020,SCI
Ain Shams Engineering Journal,,SCI_Journals_2020,SCI
AIP Advances,,SCI_Journals_2020,SCI
"Air, Soil and Water Research",,SCI_Journals_2020,SCI
Aisthesis,,SCI_Journals_2020,SCI
Aisthesis (Italy),,SCI_Journals_2020,SCI
Ajalooline Ajakiri,,SCI_Journals_2020,SCI
AJP Reports,,SCI_Journals_2020,SCI
AKCE International Journal of Graphs and Combinatorics,,SCI_Journals_2020,SCI
Al-Jami’ah,,SCI_Journals_2020,SCI
Al-Qantara,,SCI_Journals_2020,SCI
Alcoholism and Psychiatry Research,,SCI_Journals_2020,SCI
Alea,,SCI_Journals_2020,SCI
Alergia Astma Immunologia,,SCI_Journals_2020,SCI
Algae,,SCI_Journals_2020,SCI
Algebra and Discrete Mathematics,,SCI_Journals_2020,SCI
Algebraic Geometry,,SCI_Journals_2020,SCI
Algorithms,,SCI_Journals_2020,SCI
Algorithms for Molecular Biology,,SCI_Journals_2020,SCI
Allergology International,,SCI_Journals_2020,SCI
"Allergy, Asthma and Clinical Immunology",,SCI_Journals_2020,SCI
"Allergy, Asthma and Immunology Research",,SCI_Journals_2020,SCI
Aloma,,SCI_Journals_2020,SCI
Alpha,,SCI_Journals_2020,SCI
Alpine and Mediterranean Quaternary,,SCI_Journals_2020,SCI
Altex,,SCI_Journals_2020,SCI
Altre Modernita,,SCI_Journals_2020,SCI
"Alzheimer’s and Dementia: Diagnosis, Assessment and Disease Monitoring",,SCI_Journals_2020,SCI
Alzheimer’s and Dementia: Translational Research and Clinical Interventions,,SCI_Journals_2020,SCI
Alzheimer’s Research and Therapy,,SCI_Journals_2020,SCI
Amaltea,,SCI_Journals_2020,SCI
AMB Express,,SCI_Journals_2020,SCI
Ambiente e Sociedade,,SCI_Journals_2020,SCI
America Latina en la Historia Economica,,SCI_Journals_2020,SCI
America Latina Hoy,,SCI_Journals_2020,SCI
"American, British and Canadian Studies",,SCI_Journals_2020,SCI
American Journal of Animal and Veterinary Sciences,,SCI_Journals_2020,SCI
American Journal of Biochemistry and Biotechnology,,SCI_Journals_2020,SCI
American Journal of Case Reports,,SCI_Journals_2020,SCI
American Journal of Men’s Health,,SCI_Journals_2020,SCI
American Journal of Neurodegenerative Diseases,,SCI_Journals_2020,SCI
American Journal of Nuclear Medicine and Molecular Imaging,,SCI_Journals_2020,SCI
American Journal of Ophthalmology Case Reports,,SCI_Journals_2020,SCI
American Journal of Pharmaceutical Education,,SCI_Journals_2020,SCI
American Journal of Physiology – Advances in Physiology Education,,SCI_Journals_2020,SCI
American Journal of Translational Research,,SCI_Journals_2020,SCI
Amfiteatru Economic,,SCI_Journals_2020,SCI
AMHA – Acta Medico-Historica Adriatica,,SCI_Journals_2020,SCI
Ampersand,,SCI_Journals_2020,SCI
"Anaesthesia, Pain and Intensive Care",,SCI_Journals_2020,SCI
Anaesthesiology Intensive Therapy,,SCI_Journals_2020,SCI
Anais Brasileiros de Dermatologia,,SCI_Journals_2020,SCI
Anais da Academia Brasileira de Ciencias,,SCI_Journals_2020,SCI
"Analele Stiintifice ale Universitatii Ovidius Constanta, Seria Matematica",,SCI_Journals_2020,SCI
"Analele Universitatii din Bucuresti, Seria Stiinte Politice",,SCI_Journals_2020,SCI
Analele Universitatii din Craiova – Seria Istorie,,SCI_Journals_2020,SCI
Anales Cervantinos,,SCI_Journals_2020,SCI
Anales de Documentacion,,SCI_Journals_2020,SCI
Anales de Geografia de la Universidad Complutense,,SCI_Journals_2020,SCI
Anales de la Asociacion Fisica Argentina,,SCI_Journals_2020,SCI
Anales de Psicologia,,SCI_Journals_2020,SCI
Anales del Instituto de Investigaciones Esteticas,,SCI_Journals_2020,SCI
Anales del Jardin Botanico de Madrid,,SCI_Journals_2020,SCI
Anales del Seminario de Historia de la Filosofia,,SCI_Journals_2020,SCI
Anali Hrvatskog Politoloskog Drustva,,SCI_Journals_2020,SCI
Anali Zavoda za Povijesne Znanosti Hrvatske Akademije Znanosti i Umjetnosti u Dubrovniku,,SCI_Journals_2020,SCI
Analise Social,,SCI_Journals_2020,SCI
Analisi,,SCI_Journals_2020,SCI
Analisi Linguistica e Letteraria,,SCI_Journals_2020,SCI
Analisis Filosofico,,SCI_Journals_2020,SCI
Analitika i Kontrol,,SCI_Journals_2020,SCI
Analiza i Egzystencja,,SCI_Journals_2020,SCI
Analyse und Kritik,,SCI_Journals_2020,SCI
Analysis and Geometry in Metric Spaces,,SCI_Journals_2020,SCI
Analytica Chimica Acta: X,,SCI_Journals_2020,SCI
Analytical and Bioanalytical Chemistry Research,,SCI_Journals_2020,SCI
Analytical Cellular Pathology,,SCI_Journals_2020,SCI
Analytical Chemistry Insights,,SCI_Journals_2020,SCI
Analytical Chemistry Research,,SCI_Journals_2020,SCI
Analytical Sciences,,SCI_Journals_2020,SCI
Anastasis,,SCI_Journals_2020,SCI
Anatolian journal of cardiology,,SCI_Journals_2020,SCI
Anatomy and Cell Biology,,SCI_Journals_2020,SCI
Ancient Asia,,SCI_Journals_2020,SCI
Anclajes,,SCI_Journals_2020,SCI
Andean Geology,,SCI_Journals_2020,SCI
Anemia,,SCI_Journals_2020,SCI
Anesthesiology Research and Practice,,SCI_Journals_2020,SCI
Angle Orthodontist,,SCI_Journals_2020,SCI
Animal Biodiversity and Conservation,,SCI_Journals_2020,SCI
Animal Biotelemetry,,SCI_Journals_2020,SCI
Animal Cells and Systems,,SCI_Journals_2020,SCI
Animal Nutrition,,SCI_Journals_2020,SCI
Animal Reproduction,,SCI_Journals_2020,SCI
Animal Science Papers and Reports,,SCI_Journals_2020,SCI
Animals,,SCI_Journals_2020,SCI
Ankara Universitesi Eczacilik Fakultesi Dergisi,,SCI_Journals_2020,SCI
Ankara Universitesi Veteriner Fakultesi Dergisi,,SCI_Journals_2020,SCI
Annales Academiae Scientiarum Fennicae Mathematica,,SCI_Journals_2020,SCI
Annales de la Fondation Louis de Broglie,,SCI_Journals_2020,SCI
Annales Geophysicae,,SCI_Journals_2020,SCI
Annales Mathematicae et Informaticae,,SCI_Journals_2020,SCI
Annali dell’Istituto Superiore di Sanita,,SCI_Journals_2020,SCI
Annali di Botanica,,SCI_Journals_2020,SCI
Annali di Ca Foscari Serie Orientale,,SCI_Journals_2020,SCI
Annals of African Surgery,,SCI_Journals_2020,SCI
Annals of Agricultural and Environmental Medicine,,SCI_Journals_2020,SCI
Annals of Agricultural Sciences,,SCI_Journals_2020,SCI
Annals of Animal Science,,SCI_Journals_2020,SCI
Annals of Burns and Fire Disasters,,SCI_Journals_2020,SCI
Annals of Cardiac Anaesthesia,,SCI_Journals_2020,SCI
Annals of Clinical and Translational Neurology,,SCI_Journals_2020,SCI
Annals of Clinical Microbiology and Antimicrobials,,SCI_Journals_2020,SCI
Annals of Coloproctology,,SCI_Journals_2020,SCI
Annals of Dermatology,,SCI_Journals_2020,SCI
"Annals of “Dunarea de Jos” University of Galati, Fascicle XII, Welding Equipment and Technology",,SCI_Journals_2020,SCI
Annals of Family Medicine,,SCI_Journals_2020,SCI
Annals of Forest Research,,SCI_Journals_2020,SCI
Annals of Functional Analysis,,SCI_Journals_2020,SCI
Annals of Gastroenterology,,SCI_Journals_2020,SCI
Annals of General Psychiatry,,SCI_Journals_2020,SCI
Annals of Geophysics,,SCI_Journals_2020,SCI
Annals of Glaciology,,SCI_Journals_2020,SCI
Annals of Global Health,,SCI_Journals_2020,SCI
Annals of Indian Academy of Neurology,,SCI_Journals_2020,SCI
Annals of Intensive Care,,SCI_Journals_2020,SCI
Annals of Laboratory Medicine,,SCI_Journals_2020,SCI
Annals of Library and Information Studies,,SCI_Journals_2020,SCI
Annals of Long-Term Care,,SCI_Journals_2020,SCI
Annals of Medicine and Surgery,,SCI_Journals_2020,SCI
Annals of Neurosciences,,SCI_Journals_2020,SCI
Annals of Occupational and Environmental Medicine,,SCI_Journals_2020,SCI
Annals of Pediatric Cardiology,,SCI_Journals_2020,SCI
Annals of Pediatric Endocrinology and Metabolism,,SCI_Journals_2020,SCI
Annals of Pediatric Surgery,,SCI_Journals_2020,SCI
Annals of Rehabilitation Medicine,,SCI_Journals_2020,SCI
Annals of Saudi Medicine,,SCI_Journals_2020,SCI
Annals of Silvicultural Research,,SCI_Journals_2020,SCI
Annals of Surgical Treatment and Research,,SCI_Journals_2020,SCI
Annals of the Academy of Romanian Scientists: Series on Mathematics and its Applications,,SCI_Journals_2020,SCI
"Annals of the University Dunarea de Jos of Galati, Fascicle VI: Food Technology",,SCI_Journals_2020,SCI
Annals of Thoracic Medicine,,SCI_Journals_2020,SCI
Annals of Tropical Medicine and Public Health,,SCI_Journals_2020,SCI
Annual Review of CyberTherapy and Telemedicine,,SCI_Journals_2020,SCI
Anos 90,,SCI_Journals_2020,SCI
Antarctic Record,,SCI_Journals_2020,SCI
Anthropological Notebooks,,SCI_Journals_2020,SCI
Anthropological Review,,SCI_Journals_2020,SCI
Anthropology in Action,,SCI_Journals_2020,SCI
Antibiotics,,SCI_Journals_2020,SCI
Antibodies,,SCI_Journals_2020,SCI
Antimicrobial Resistance and Infection Control,,SCI_Journals_2020,SCI
Antioxidants,,SCI_Journals_2020,SCI
Antipoda,,SCI_Journals_2020,SCI
Anuario Calderoniano,,SCI_Journals_2020,SCI
Anuario Colombiano de Historia Social y de la Cultura,,SCI_Journals_2020,SCI
Anuario de Estudios Americanos,,SCI_Journals_2020,SCI
Anuario de Estudios Medievales,,SCI_Journals_2020,SCI
Anuario de Historia de la Iglesia,,SCI_Journals_2020,SCI
Anuario de Psicologia Juridica,,SCI_Journals_2020,SCI
Anuario do Instituto de Geociencias,,SCI_Journals_2020,SCI
Anuario Lope de Vega,,SCI_Journals_2020,SCI
Baghdad Science Journal,,SCI_Journals_2020,SCI
Bajo Palabra,,SCI_Journals_2020,SCI
Bakhtiniana,,SCI_Journals_2020,SCI
Balkan Journal of Geometry and its Applications,,SCI_Journals_2020,SCI
Balkan Journal of Medical Genetics,,SCI_Journals_2020,SCI
Balkan Medical Journal,,SCI_Journals_2020,SCI
Baltic Forestry,,SCI_Journals_2020,SCI
Baltic Journal of Art History,,SCI_Journals_2020,SCI
Baltic Journal of Economics,,SCI_Journals_2020,SCI
Baltic Journal of European Studies,,SCI_Journals_2020,SCI
Baltic Journal of Law and Politics,,SCI_Journals_2020,SCI
Baltic Journal of Road and Bridge Engineering,,SCI_Journals_2020,SCI
Baltic Region,,SCI_Journals_2020,SCI
Baltica,,SCI_Journals_2020,SCI
Bangladesh Journal of Botany,,SCI_Journals_2020,SCI
Bangladesh Journal of Medical Science,,SCI_Journals_2020,SCI
Bangladesh Journal of Pharmacology,,SCI_Journals_2020,SCI
Bangladesh Medical Research Council Bulletin,,SCI_Journals_2020,SCI
Banks and Bank Systems,,SCI_Journals_2020,SCI
BAR – Brazilian Administration Review,,SCI_Journals_2020,SCI
Barnboken,,SCI_Journals_2020,SCI
Basic and Clinical Andrology,,SCI_Journals_2020,SCI
Basic and Clinical Neuroscience,,SCI_Journals_2020,SCI
Batteries,,SCI_Journals_2020,SCI
BBA Clinical,,SCI_Journals_2020,SCI
BDJ Open,,SCI_Journals_2020,SCI
Behavioral and Brain Functions,,SCI_Journals_2020,SCI
Behavioral Sciences,,SCI_Journals_2020,SCI
Behavioural Neurology,,SCI_Journals_2020,SCI
Beilstein Journal of Nanotechnology,,SCI_Journals_2020,SCI
Beilstein Journal of Organic Chemistry,,SCI_Journals_2020,SCI
BELGEO,,SCI_Journals_2020,SCI
Bellaterra Journal of Teaching and Learning Language and Literature,,SCI_Journals_2020,SCI
Biblica,,SCI_Journals_2020,SCI
Biblica et Patristica Thoruniensia,,SCI_Journals_2020,SCI
Biblical Annals,,SCI_Journals_2020,SCI
Biblios,,SCI_Journals_2020,SCI
Bibliothecae.it,,SCI_Journals_2020,SCI
BiD,,SCI_Journals_2020,SCI
Biharean Biologist,,SCI_Journals_2020,SCI
Bijdragen en Mededelingen Betreffende de Geschiedenis der Nederlanden,,SCI_Journals_2020,SCI
"Bijdragen tot de Taal-, Land- en Volkenkunde",,SCI_Journals_2020,SCI
Bilgi Dunyasi,,SCI_Journals_2020,SCI
Bio-based and Applied Economics,,SCI_Journals_2020,SCI
Bioactive Materials,,SCI_Journals_2020,SCI
Bioagro,,SCI_Journals_2020,SCI
Bioarchaeology of the Near East,,SCI_Journals_2020,SCI
Biocell,,SCI_Journals_2020,SCI
Biochemia Medica,,SCI_Journals_2020,SCI
Biochemistry and Biophysics Reports,,SCI_Journals_2020,SCI
Biochemistry Research International,,SCI_Journals_2020,SCI
Biochimie Open,,SCI_Journals_2020,SCI
BioData Mining,,SCI_Journals_2020,SCI
Biodiversitas,,SCI_Journals_2020,SCI
Biodiversity Data Journal,,SCI_Journals_2020,SCI
Bioengineered,,SCI_Journals_2020,SCI
Bioengineering,,SCI_Journals_2020,SCI
Biofuel Research Journal,,SCI_Journals_2020,SCI
Biogeographia,,SCI_Journals_2020,SCI
Biogeosciences,,SCI_Journals_2020,SCI
BioImpacts,,SCI_Journals_2020,SCI
Bioinformatics and Biology Insights,,SCI_Journals_2020,SCI
Bioinorganic Chemistry and Applications,,SCI_Journals_2020,SCI
Biointerface Research in Applied Chemistry,,SCI_Journals_2020,SCI
BioInvasions Records,,SCI_Journals_2020,SCI
BioLaw Journal,,SCI_Journals_2020,SCI
Biologia Plantarum,,SCI_Journals_2020,SCI
Biological Letters,,SCI_Journals_2020,SCI
Biological Procedures Online,,SCI_Journals_2020,SCI
Biological Research,,SCI_Journals_2020,SCI
Biologics: Targets and Therapy,,SCI_Journals_2020,SCI
Biology,,SCI_Journals_2020,SCI
Biology Direct,,SCI_Journals_2020,SCI
Biology of Sex Differences,,SCI_Journals_2020,SCI
Biology of Sport,,SCI_Journals_2020,SCI
Biology Open,,SCI_Journals_2020,SCI
Biomarker Insights,,SCI_Journals_2020,SCI
Biomarker Research,,SCI_Journals_2020,SCI
Biomaterials Research,,SCI_Journals_2020,SCI
Biomath,,SCI_Journals_2020,SCI
BioMed Research International,,SCI_Journals_2020,SCI
Biomedica,,SCI_Journals_2020,SCI
Biomedical and Pharmacology Journal,,SCI_Journals_2020,SCI
BioMedical Engineering Online,,SCI_Journals_2020,SCI
Biomedical Glasses,,SCI_Journals_2020,SCI
Biomedical Human Kinetics,,SCI_Journals_2020,SCI
Biomedical Journal,,SCI_Journals_2020,SCI
Biomedical Optics Express,,SCI_Journals_2020,SCI
"Biomedical papers of the Medical Faculty of the University Palacký, Olomouc, Czechoslovakia",,SCI_Journals_2020,SCI
Biomedical Photonics,,SCI_Journals_2020,SCI
Biomedical Research,,SCI_Journals_2020,SCI
Biomedical Research and Therapy,,SCI_Journals_2020,SCI
BioMedicine (Netherlands),,SCI_Journals_2020,SCI
Biomedicines,,SCI_Journals_2020,SCI
Biomolecular Concepts,,SCI_Journals_2020,SCI
Biomolecular Detection and Quantification,,SCI_Journals_2020,SCI
Biomolecules,,SCI_Journals_2020,SCI
Biopolymers and Cell,,SCI_Journals_2020,SCI
BioPsychoSocial Medicine,,SCI_Journals_2020,SCI
BioResearch,,SCI_Journals_2020,SCI
BioResources,,SCI_Journals_2020,SCI
Bioresources and Bioprocessing,,SCI_Journals_2020,SCI
BioRisk,,SCI_Journals_2020,SCI
Bioscience Horizons,,SCI_Journals_2020,SCI
Bioscience Reports,,SCI_Journals_2020,SCI
Biosensors,,SCI_Journals_2020,SCI
Biosurface and Biotribology,,SCI_Journals_2020,SCI
Biota Neotropica,,SCI_Journals_2020,SCI
BioTechniques,,SCI_Journals_2020,SCI
Biotechnologia,,SCI_Journals_2020,SCI
"Biotechnology, Agronomy and Society and Environment",,SCI_Journals_2020,SCI
Biotechnology and Biotechnological Equipment,,SCI_Journals_2020,SCI
Biotechnology for Biofuels,,SCI_Journals_2020,SCI
Biotechnology Reports,,SCI_Journals_2020,SCI
Biotecnologia Aplicada,,SCI_Journals_2020,SCI
Biotecnologia Aplicada,,SCI_Journals_2020,SCI
Bitacora Urbano Territorial,,SCI_Journals_2020,SCI
BJA Education,,SCI_Journals_2020,SCI
BJPsych Bulletin,,SCI_Journals_2020,SCI
BJPsych Open,,SCI_Journals_2020,SCI
Blood Cancer Journal,,SCI_Journals_2020,SCI
Blood Research,,SCI_Journals_2020,SCI
Blood Transfusion,,SCI_Journals_2020,SCI
Blumea: Journal of Plant Taxonomy and Plant Geography,,SCI_Journals_2020,SCI
BMB Reports,,SCI_Journals_2020,SCI
BMC Anesthesiology,,SCI_Journals_2020,SCI
BMC Biochemistry,,SCI_Journals_2020,SCI
BMC Bioinformatics,,SCI_Journals_2020,SCI
BMC Biology,,SCI_Journals_2020,SCI
BMC Biophysics,,SCI_Journals_2020,SCI
BMC Biotechnology,,SCI_Journals_2020,SCI
BMC Cancer,,SCI_Journals_2020,SCI
BMC Cardiovascular Disorders,,SCI_Journals_2020,SCI
BMC Cell Biology,,SCI_Journals_2020,SCI
BMC Clinical Pathology,,SCI_Journals_2020,SCI
BMC Complementary and Alternative Medicine,,SCI_Journals_2020,SCI
BMC Dermatology,,SCI_Journals_2020,SCI
BMC Developmental Biology,,SCI_Journals_2020,SCI
"BMC Ear, Nose and Throat Disorders",,SCI_Journals_2020,SCI
BMC Ecology,,SCI_Journals_2020,SCI
BMC Emergency Medicine,,SCI_Journals_2020,SCI
BMC Endocrine Disorders,,SCI_Journals_2020,SCI
BMC Evolutionary Biology,,SCI_Journals_2020,SCI
BMC Family Practice,,SCI_Journals_2020,SCI
BMC Gastroenterology,,SCI_Journals_2020,SCI
BMC Genetics,,SCI_Journals_2020,SCI
BMC Geriatrics,,SCI_Journals_2020,SCI
BMC Health Services Research,,SCI_Journals_2020,SCI
BMC Hematology,,SCI_Journals_2020,SCI
BMC Immunology,,SCI_Journals_2020,SCI
BMC Infectious Diseases,,SCI_Journals_2020,SCI
BMC International Health and Human Rights,,SCI_Journals_2020,SCI
BMC Medical Education,,SCI_Journals_2020,SCI
BMC Medical Ethics,,SCI_Journals_2020,SCI
BMC Medical Genetics,,SCI_Journals_2020,SCI
BMC Medical Imaging,,SCI_Journals_2020,SCI
BMC Medical Informatics and Decision Making,,SCI_Journals_2020,SCI
BMC Medical Research Methodology,,SCI_Journals_2020,SCI
BMC Medicine,,SCI_Journals_2020,SCI
BMC Microbiology,,SCI_Journals_2020,SCI
BMC Molecular and Cell Biology,,SCI_Journals_2020,SCI
BMC Molecular Biology,,SCI_Journals_2020,SCI
BMC Musculoskeletal Disorders,,SCI_Journals_2020,SCI
BMC Nephrology,,SCI_Journals_2020,SCI
BMC Neurology,,SCI_Journals_2020,SCI
BMC Neuroscience,,SCI_Journals_2020,SCI
BMC Nursing,,SCI_Journals_2020,SCI
BMC Obesity,,SCI_Journals_2020,SCI
BMC Ophthalmology,,SCI_Journals_2020,SCI
BMC Oral Health,,SCI_Journals_2020,SCI
BMC Palliative Care,,SCI_Journals_2020,SCI
BMC Pediatrics,,SCI_Journals_2020,SCI
BMC pharmacology & toxicology,,SCI_Journals_2020,SCI
BMC Physiology,,SCI_Journals_2020,SCI
Caderno CRH,,SCI_Journals_2020,SCI
Cadernos CEDES,,SCI_Journals_2020,SCI
Cadernos de Estudos Africanos,,SCI_Journals_2020,SCI
Cadernos de Pesquisa,,SCI_Journals_2020,SCI
Cadernos de Saude Publica,,SCI_Journals_2020,SCI
Cadernos do Laboratorio Xeoloxico de Laxe,,SCI_Journals_2020,SCI
Cadernos Pagu,,SCI_Journals_2020,SCI
Cahiers Agricultures,,SCI_Journals_2020,SCI
Cahiers des Etudes Anciennes,,SCI_Journals_2020,SCI
Cahiers d’Etudes Africaines,,SCI_Journals_2020,SCI
Cahiers Victoriens and Edouardiens,,SCI_Journals_2020,SCI
Cailiao Gongcheng/Journal of Materials Engineering,,SCI_Journals_2020,SCI
Cakrawala Pendidikan,,SCI_Journals_2020,SCI
Caldasia,,SCI_Journals_2020,SCI
Calidoscopio,,SCI_Journals_2020,SCI
California Agriculture,,SCI_Journals_2020,SCI
Calitatea Vietii,,SCI_Journals_2020,SCI
Canadian Family Physician,,SCI_Journals_2020,SCI
Canadian Geriatrics Journal,,SCI_Journals_2020,SCI
Canadian Journal of Bioethics,,SCI_Journals_2020,SCI
Canadian Journal of Dental Hygiene,,SCI_Journals_2020,SCI
Canadian Journal of Gastroenterology and Hepatology,,SCI_Journals_2020,SCI
Canadian Journal of Infectious Diseases and Medical Microbiology,,SCI_Journals_2020,SCI
Canadian Journal of Kidney Health and Disease,,SCI_Journals_2020,SCI
Canadian Journal of Learning and Technology,,SCI_Journals_2020,SCI
Canadian journal of rural medicine : the official journal of the Society of Rural Physicians of Canada = Journal canadien de la médecine rurale : le journal officiel de la Société de médecine rurale du Canada,,SCI_Journals_2020,SCI
Canadian Journal of Sociology,,SCI_Journals_2020,SCI
Canadian Journal of Speech-Language Pathology and Audiology,,SCI_Journals_2020,SCI
Canadian Journal of Surgery,,SCI_Journals_2020,SCI
Canadian Journal of Urban Research,,SCI_Journals_2020,SCI
Canadian Respiratory JournalCanadian Review of Comparative Literature,,SCI_Journals_2020,SCI
Canadian Studies in Population,,SCI_Journals_2020,SCI
Canadian Urological Association Journal,,SCI_Journals_2020,SCI
Cancer Biology and Medicine,,SCI_Journals_2020,SCI
Cancer Cell International,,SCI_Journals_2020,SCI
Cancer Communications,,SCI_Journals_2020,SCI
Cancer Control,,SCI_Journals_2020,SCI
Cancer Imaging,,SCI_Journals_2020,SCI
Cancer Informatics,,SCI_Journals_2020,SCI
Cancer Management and Research,,SCI_Journals_2020,SCI
Cancer Medicine,,SCI_Journals_2020,SCI
Cancer Nanotechnology,,SCI_Journals_2020,SCI
Cancer Research and Treatment,,SCI_Journals_2020,SCI
Cancer Science,,SCI_Journals_2020,SCI
Cancers,,SCI_Journals_2020,SCI
Capitale Culturale,,SCI_Journals_2020,SCI
Caplletra,,SCI_Journals_2020,SCI
Caravelle,,SCI_Journals_2020,SCI
Carbon Balance and Management,,SCI_Journals_2020,SCI
Cardiology Journal,,SCI_Journals_2020,SCI
Cardiology Research and Practice,,SCI_Journals_2020,SCI
Cardiovascular Diabetology,,SCI_Journals_2020,SCI
Cardiovascular Psychiatry and Neurology,,SCI_Journals_2020,SCI
Cardiovascular Therapeutics,,SCI_Journals_2020,SCI
Language Learning and Technology,,ArtsAndHumanities,SCI
Cultural Anthropology,,ArtsAndHumanities,SCI
Computational Linguistics,,ArtsAndHumanities,SCI
Journal of Eurasian Studies,,ArtsAndHumanities,SCI
Design Science,,ArtsAndHumanities,SCI
"Life Sciences, Society and Policy",,ArtsAndHumanities,SCI
Science and Technology of Archaeological Research,,ArtsAndHumanities,SCI
Heritage Science,,ArtsAndHumanities,SCI
Virtual Archaeology Review,,ArtsAndHumanities,SCI
Laboratory Phonology,,ArtsAndHumanities,SCI
Entrepreneurship and Sustainability Issues,,BusinessManagementAccounting,SCI
Financial Innovation,,BusinessManagementAccounting,SCI
International Journal of Health Geographics,,BusinessManagementAccounting,SCI
Operations Research Perspectives,,BusinessManagementAccounting,SCI
European Research on Management and Business Economics,,BusinessManagementAccounting,SCI
Journal of Civil Engineering and Management,,BusinessManagementAccounting,SCI
Research and Practice in Technology Enhanced Learning,,BusinessManagementAccounting,SCI
Eurasian Business Review,,BusinessManagementAccounting,SCI
International Journal of Design,,BusinessManagementAccounting,SCI
Journal of Small Business Strategy,,BusinessManagementAccounting,SCI
Journal of Statistical Software,,ComputerScience,SCI
npj Computational Materials,,ComputerScience,SCI
"Engineering Science and Technology, an International Journal",,ComputerScience,SCI
Journal of Machine Learning Research,,ComputerScience,SCI
Brain Informatics,,ComputerScience,SCI
npj Quantum Information,,ComputerScience,SCI
Egyptian Informatics Journal,,ComputerScience,SCI
Applied Computing and Informatics,,ComputerScience,SCI
Digital Communications and Networks,,ComputerScience,SCI
Scientific data,,ComputerScience,SCI
Ca-A Cancer Journal for Clinicians,,TopCiteScore,SCI
MMWR Recommendations and ReportsOpen Access,,TopCiteScore,SCI
Nature Reviews Materials,,TopCiteScore,SCI
Chemical Reviews,,TopCiteScore,SCI
Reviews of Modern Physics,,TopCiteScore,SCI
Nature Reviews Genetics,,TopCiteScore,SCI
Nature Reviews Molecular Cell Biology,,TopCiteScore,SCI
The Lancet,,TopCiteScore,SCI
Nature Energy,,TopCiteScore,SCI
Nature Reviews Cancer,,TopCiteScore,SCI
Advances in dental research,,TopCited,SCI
American Economic Journal: Economic Policy,,TopCited,SCI
Arboricultural Journal,,TopCited,SCI
Artifact,,TopCited,SCI
Child Abuse Review,,TopCited,SCI
Electronic Markets,,TopCited,SCI
Environmental Values,,TopCited,SCI
European Policy Analysis,,TopCited,SCI
Fish Physiology,,TopCited,SCI
"Forum of Mathematics, Pi",,TopCited,SCI
Foundations and Trends in Databases,,TopCited,SCI
Foundations and Trends in Networking,,TopCited,SCI
Foundations and Trends in Programming Languages,,TopCited,SCI
Foundations and Trends in Signal Processing,,TopCited,SCI
Handbook of Computational Economics,,TopCited,SCI
Information Systems Journal,,TopCited,SCI
Innovation Policy and the Economy,,TopCited,SCI
International Materials Reviews,,TopCited,SCI
Journal of Occupational Science,,TopCited,SCI
MMWR Recommendations and Reports,,TopCitedOpenAccess,SCI
MMWR. Surveillance summaries : Morbidity and mortality weekly report. Surveillance summaries / CDC,,TopCitedOpenAccess,SCI
Living Reviews in Relativity,,TopCitedOpenAccess,SCI
World Psychiatry,,TopCitedOpenAccess,SCI
NursingPlus Open,,TopCitedOpenAccess,SCI
Science advances,,TopCitedOpenAccess,SCI
The Lancet Global Health,,TopCitedOpenAccess,SCI
Light: Science and Applications,,TopCitedOpenAccess,SCI
Living Reviews in Solar Physics,,TopCitedOpenAccess,SCI
Nucleic Acids Research,,TopCitedOpenAccess,SCI
MMWR Recommendations and Reports,,TopCitations,SCI
MMWR. Surveillance summaries : Morbidity and mortality weekly report. Surveillance summaries / CDC,,TopCitations,SCI
Living Reviews in Relativity,,TopCitations,SCI
World Psychiatry,,TopCitations,SCI
Science advances,,TopCitations,SCI
The Lancet Global Health,,TopCitations,SCI
Light: Science and Applications,,TopCitations,SCI
Nucleic Acids Research,,TopCitations,SCI
Physical Review X,,TopCitations,SCI
